day,log(den)
1.0,2.01072386059
2.0,5.00268096515
3.0,3.82841823056
4.0,5.2600536193
5.0,4.43967828418
6.0,5.50134048257
7.0,5.32439678284