day,log(den)
1.0,3.00396694215
2.0,2.68170011806
3.0,4.60344746163
4.0,3.38989374262
5.0,5.43896103896
6.0,3.87527744982
7.0,5.59012987013